DATE,PRODUCTS_NAME,CATEGORIES_NAME,FAMILIES_NAME,HOUR,DAYOFWEEK,NB_PRODUCTS,NB_CATEGORIES,NB_FAMILIES,910f14c0-a097-11e7-a71a-59d0cc270698,beaaf430-a097-11e7-a71a-59d0cc270698,ca268f40-a097-11e7-a71a-59d0cc270698,d3b46410-a097-11e7-a71a-59d0cc270698,db823960-a097-11e7-a71a-59d0cc270698,e74b7f40-a097-11e7-a71a-59d0cc270698,f45ad9b0-a097-11e7-a71a-59d0cc270698,05ed4b40-a098-11e7-a71a-59d0cc270698,121022d0-a098-11e7-a71a-59d0cc270698,2c6b9290-a098-11e7-a71a-59d0cc270698,32b40060-a098-11e7-a71a-59d0cc270698,37e64340-a098-11e7-a71a-59d0cc270698
Thursday 15/03/2018 17:17:16,Escalope viennoise|Farce|Lard|Pomme|Tomate|Persil|Parmesan,Traiteur|Charcuterie|Charcuterie|Fruits|Fruits|Herbes aromatiques|Fromages,Épicerie salée|Viandes|Viandes|Fruits et légumes|Fruits et légumes|Fruits et légumes|Produits laitiers,17,4,7,5,4,2,1,0,3,0,1,0,0,0,0,0,0
Wednesday 14/03/2018 09:50:24,Carottes|Epinards|Persil|Steak haché|Fromage de chèvre|Fromage râpé|Eau|Sirop de menthe|Jus de pomme|Jus d'orange|Vinaigrette|Brioche|Confiture,Légumes|Légumes|Herbes aromatiques|Boucherie|Fromages|Fromages|Eau|Jus de fruits et sodas|Jus de fruits et sodas|Jus de fruits et sodas|Assaisonnements et condiments|Viennoiseries|Petit déjeuner,Fruits et légumes|Fruits et légumes|Fruits et légumes|Viandes|Produits laitiers|Produits laitiers|Boissons|Boissons|Boissons|Boissons|Épicerie salée|Épicerie sucrée|Épicerie sucrée,9,3,13,9,6,1,2,0,3,0,1,0,0,4,0,2,0
Saturday 10/03/2018 10:42:29,Courgette|Champignons|Epinards|Carottes|Persil|Bananes|Saumon fumé|Reblochon|Fromage bleu|Gnocchi|Pâte feuilletée|Yaourts|Lait|Beurre|Lardons fumés|Bières|Pâtes alimentaires|Gâteaux,Légumes|Légumes|Légumes|Légumes|Herbes aromatiques|Fruits|Produits préparés de la mer|Fromages|Fromages|Traiteur|Pains|Crèmerie|Laitages et oeufs|Crèmerie|Charcuterie|Bières et vins|Pates et riz|Gâteaux,Fruits et légumes|Fruits et légumes|Fruits et légumes|Fruits et légumes|Fruits et légumes|Fruits et légumes|Produits de la mer|Produits laitiers|Produits laitiers|Épicerie salée|Épicerie salée|Produits laitiers|Produits laitiers|Produits laitiers|Viandes|Boissons|Épicerie salée|Épicerie sucrée,10,6,18,13,7,1,5,1,6,0,3,0,0,1,0,1,0
Tuesday 06/03/2018 19:48:47,Ananas|Bananes|Kiwi|Pomme,Fruits|Fruits|Fruits|Fruits,Fruits et légumes|Fruits et légumes|Fruits et légumes|Fruits et légumes,19,2,4,1,1,0,0,0,4,0,0,0,0,0,0,0,0
Monday 05/03/2018 17:19:03,Persil|Champignons|Bières|Beurre|Cordon bleu|Jus de pomme|Bacon|Viande de porc|Fromage frais|Pain de mie|Confiture|Gâteaux|Produit vaisselle,Herbes aromatiques|Légumes|Bières et vins|Crèmerie|Traiteur|Jus de fruits et sodas|Charcuterie|Boucherie|Fromages|Pains|Petit déjeuner|Gâteaux|Lavage,Fruits et légumes|Fruits et légumes|Boissons|Produits laitiers|Épicerie salée|Boissons|Viandes|Viandes|Produits laitiers|Épicerie salée|Épicerie sucrée|Épicerie sucrée|Produits d'entretien,17,1,13,13,7,2,2,0,2,1,2,0,0,2,0,2,0
Monday 26/02/2018 17:39:12,Persil|Bananes|Champignons|Betterave|Steak haché|Viande de porc|Yaourts chocolat|Yaourts nature|Yaourts caramel|Jus de pomme|Jus de fruits|Jus d'orange|Pâte feuilletée|Thon en conserve|Gâteaux|Brioche|Dentifrice|Sopalin|Disques coton|Sac poubelle|Pain de mie,Herbes aromatiques|Fruits|Légumes|Légumes|Boucherie|Boucherie|Crèmerie|Crèmerie|Crèmerie|Jus de fruits et sodas|Jus de fruits et sodas|Jus de fruits et sodas|Pains|Conserves salées|Gâteaux|Viennoiseries|Soin du corps|Accessoires d'entretien|Soin du corps|Accessoires d'entretien|Pains,Fruits et légumes|Fruits et légumes|Fruits et légumes|Fruits et légumes|Viandes|Viandes|Produits laitiers|Produits laitiers|Produits laitiers|Boissons|Boissons|Boissons|Épicerie salée|Épicerie salée|Épicerie sucrée|Épicerie sucrée|Hygiène et beauté|Produits d'entretien|Hygiène et beauté|Produits d'entretien|Épicerie salée,17,1,21,12,8,2,3,0,4,2,3,0,2,3,0,2,0
Saturday 24/02/2018 10:56:23,Saucisses|Boudin blanc|Cordon bleu|Lardons fumés|Epinards|Carottes,Charcuterie|Charcuterie|Traiteur|Charcuterie|Légumes|Légumes,Viandes|Viandes|Épicerie salée|Viandes|Fruits et légumes|Fruits et légumes,10,6,6,3,3,3,0,0,2,0,1,0,0,0,0,0,0
Saturday 17/02/2018 16:50:47,Steak haché|Orange|Epinards|Brocoli|Carottes,Boucherie|Fruits|Légumes|Légumes|Légumes,Viandes|Fruits et légumes|Fruits et légumes|Fruits et légumes|Fruits et légumes,16,6,5,3,2,1,0,0,4,0,0,0,0,0,0,0,0
Saturday 17/02/2018 15:33:25,Pommes de terre|Carottes|Champignons|Bananes|Fromage de chèvre|Fromage râpé|Yaourts|Oeufs|Crème fraîche|Beurre|Pâte feuilletée|Pâte brisée|Gnocchi|Jambon cru|Saumon fumé|Jus de pomme|Jus d'orange|Litière pour chats|Nutella|Céréales|Confiture|Pâtes alimentaires|Gâteaux|Sauce tomate|Savon liquide,Légumes|Légumes|Légumes|Fruits|Fromages|Fromages|Crèmerie|Laitages et oeufs|Crèmerie|Crèmerie|Pains|Pains|Traiteur|Charcuterie|Produits préparés de la mer|Jus de fruits et sodas|Jus de fruits et sodas|Soins pour animaux|Petit déjeuner|Petit déjeuner|Petit déjeuner|Pates et riz|Gâteaux|Assaisonnements et condiments|Soin du corps,Fruits et légumes|Fruits et légumes|Fruits et légumes|Fruits et légumes|Produits laitiers|Produits laitiers|Produits laitiers|Produits laitiers|Produits laitiers|Produits laitiers|Épicerie salée|Épicerie salée|Épicerie salée|Viandes|Produits de la mer|Boissons|Boissons|Animaux|Épicerie sucrée|Épicerie sucrée|Épicerie sucrée|Épicerie salée|Épicerie sucrée|Épicerie salée|Hygiène et beauté,15,6,25,16,9,1,6,1,4,0,5,0,1,2,1,4,0
Saturday 17/02/2018 14:32:58,Roulé au fromage|Thon en conserve,Traiteur|Conserves salées,Épicerie salée|Épicerie salée,14,6,2,2,1,0,0,0,0,0,2,0,0,0,0,0,0
Saturday 17/02/2018 11:51:05,Fromage bleu,Fromages,Produits laitiers,11,6,1,1,1,0,1,0,0,0,0,0,0,0,0,0,0
Saturday 10/02/2018 16:56:20,Cordon bleu|Saucisses|Lard|Jambon|Papier toilette|Glace,Traiteur|Charcuterie|Charcuterie|Charcuterie|Soin du corps|Glaces,Épicerie salée|Viandes|Viandes|Viandes|Hygiène et beauté|Produits surgelés,16,6,6,4,4,3,0,0,0,0,1,1,1,0,0,0,0
Saturday 10/02/2018 11:13:49,Champignons|Poivron rouge|Courgette|Persil|Fromage frais|Fromage de chèvre|Eau|Jus de pomme|Jus d'orange|Jus de fruits|Coca-cola|Chips|Crème fraîche|Dentifrice|Thon en conserve|Lessive en poudre,Légumes|Légumes|Légumes|Herbes aromatiques|Fromages|Fromages|Eau|Jus de fruits et sodas|Jus de fruits et sodas|Jus de fruits et sodas|Jus de fruits et sodas|Apéritif|Crèmerie|Soin du corps|Conserves salées|Lavage,Fruits et légumes|Fruits et légumes|Fruits et légumes|Fruits et légumes|Produits laitiers|Produits laitiers|Boissons|Boissons|Boissons|Boissons|Boissons|Épicerie salée|Produits laitiers|Hygiène et beauté|Épicerie salée|Produits d'entretien,11,6,16,10,6,0,3,0,4,1,2,0,1,5,0,0,0
Wednesday 07/02/2018 10:29:50,Lard|Saucisses|Raisin,Charcuterie|Charcuterie|Fruits,Viandes|Viandes|Fruits et légumes,10,3,3,2,2,2,0,0,1,0,0,0,0,0,0,0,0
Monday 05/02/2018 10:25:53,Saucisses|Carottes|Beurre|Bananes|Orange|Champignons|Salade|Tomates cerise|Pommes de terre|Lardons fumés|Yaourts|Jus de pomme|Bières|Pâte brisée|Brioche|Tisane|Pain de mie|Gâteaux|Pâtes alimentaires|Nutella,Charcuterie|Légumes|Crèmerie|Fruits|Fruits|Légumes|Légumes|Fruits|Légumes|Charcuterie|Crèmerie|Jus de fruits et sodas|Bières et vins|Pains|Viennoiseries|Petit déjeuner|Pains|Gâteaux|Pates et riz|Petit déjeuner,Viandes|Fruits et légumes|Produits laitiers|Fruits et légumes|Fruits et légumes|Fruits et légumes|Fruits et légumes|Fruits et légumes|Fruits et légumes|Viandes|Produits laitiers|Boissons|Boissons|Épicerie salée|Épicerie sucrée|Épicerie sucrée|Épicerie salée|Épicerie sucrée|Épicerie salée|Épicerie sucrée,10,1,20,11,6,2,2,0,7,0,3,0,0,2,0,4,0
Saturday 27/01/2018 16:48:12,Jambon|Lard|Paté|Orange|Clémentine|Bananes|Tomates cerise|Pommes de terre|Persil|Mâche|Fromage râpé|Fromage frais|Feta|Lait|Oeufs|Crème fraîche|Parmesan|Reblochon|Saumon fumé|Crème de cassis|Clairette de die|Cidre|Coca-cola|Chips|Thon en conserve|Farine|Gâteaux|Galettes de blé noir|Film étirable,Charcuterie|Charcuterie|Charcuterie|Fruits|Fruits|Fruits|Fruits|Légumes|Herbes aromatiques|Légumes|Fromages|Fromages|Fromages|Laitages et oeufs|Laitages et oeufs|Crèmerie|Fromages|Fromages|Produits préparés de la mer|Alcools forts|Bières et vins|Bières et vins|Jus de fruits et sodas|Apéritif|Conserves salées|Pâtisserie|Gâteaux|Traiteur|Cuisine,Viandes|Viandes|Viandes|Fruits et légumes|Fruits et légumes|Fruits et légumes|Fruits et légumes|Fruits et légumes|Fruits et légumes|Fruits et légumes|Produits laitiers|Produits laitiers|Produits laitiers|Produits laitiers|Produits laitiers|Produits laitiers|Produits laitiers|Produits laitiers|Produits de la mer|Boissons|Boissons|Boissons|Boissons|Épicerie salée|Épicerie salée|Épicerie sucrée|Épicerie sucrée|Épicerie salée|Quincaillerie,16,6,29,17,8,3,8,1,7,0,3,0,0,4,0,2,1
Wednesday 24/01/2018 15:29:24,Ail|Bouillon de volailles|Thé,Bulbes|Assaisonnements et condiments|Petit déjeuner,Fruits et légumes|Épicerie salée|Épicerie sucrée,15,3,3,3,3,0,0,0,1,0,1,0,0,0,0,1,0
Saturday 20/01/2018 17:14:30,Escalope de dinde|Saucisses|Saumon fumé|Pâte brisée|Salade|Fromage râpé|Cidre|Jus de fruits,Boucherie|Charcuterie|Produits préparés de la mer|Pains|Légumes|Fromages|Bières et vins|Jus de fruits et sodas,Viandes|Viandes|Produits de la mer|Épicerie salée|Fruits et légumes|Produits laitiers|Boissons|Boissons,17,6,8,8,6,2,1,1,1,0,1,0,0,2,0,0,0
Saturday 20/01/2018 08:43:02,Carottes,Légumes,Fruits et légumes,8,6,1,1,1,0,0,0,1,0,0,0,0,0,0,0,0
Saturday 13/01/2018 16:46:52,Bières|Savon liquide|Reblochon|Fromage râpé|Epinards|Tomates cerise|Pomme|Jus de pomme|Coca-cola|Glace,Bières et vins|Soin du corps|Fromages|Fromages|Légumes|Fruits|Fruits|Jus de fruits et sodas|Jus de fruits et sodas|Glaces,Boissons|Hygiène et beauté|Produits laitiers|Produits laitiers|Fruits et légumes|Fruits et légumes|Fruits et légumes|Boissons|Boissons|Produits surgelés,16,6,10,7,5,0,2,0,3,0,0,1,1,3,0,0,0
Saturday 13/01/2018 14:50:14,Haricots rouges,Conserves salées,Épicerie salée,14,6,1,1,1,0,0,0,0,0,1,0,0,0,0,0,0
Saturday 13/01/2018 11:23:26,Paté|Lard|Escalope viennoise,Charcuterie|Charcuterie|Traiteur,Viandes|Viandes|Épicerie salée,11,6,3,2,2,2,0,0,0,0,1,0,0,0,0,0,0
Wednesday 10/01/2018 20:58:32,Carottes|Orange|Clémentine|Steak haché|Saucisses,Légumes|Fruits|Fruits|Boucherie|Charcuterie,Fruits et légumes|Fruits et légumes|Fruits et légumes|Viandes|Viandes,20,3,5,4,2,2,0,0,3,0,0,0,0,0,0,0,0
Wednesday 10/01/2018 15:40:12,Lessive en poudre|Sac poubelle|Bananes|Oignon|Beurre|Oeufs|Dentifrice pour enfant|Fromage croque monsieur|Yaourts|Haricots rouges|Sauce fajitas|Galettes fajitas|Cornichons|Gâteaux|Brioche|Nutella|Produit vaisselle|Jus d'orange|Jus de fruits|Jus de pomme|Cidre,Lavage|Accessoires d'entretien|Fruits|Bulbes|Crèmerie|Laitages et oeufs|Soin du corps|Fromages|Crèmerie|Conserves salées|Assaisonnements et condiments|Produits du monde|Assaisonnements et condiments|Gâteaux|Viennoiseries|Petit déjeuner|Lavage|Jus de fruits et sodas|Jus de fruits et sodas|Jus de fruits et sodas|Bières et vins,Produits d'entretien|Produits d'entretien|Fruits et légumes|Fruits et légumes|Produits laitiers|Produits laitiers|Hygiène et beauté|Produits laitiers|Produits laitiers|Épicerie salée|Épicerie salée|Épicerie salée|Épicerie salée|Épicerie sucrée|Épicerie sucrée|Épicerie sucrée|Produits d'entretien|Boissons|Boissons|Boissons|Boissons,15,3,21,16,7,0,4,0,2,3,4,0,1,4,0,3,0
Wednesday 10/01/2018 12:05:29,Petits pois|Tomates cerise|Jambon|Brosse à dents,Légumes|Fruits|Charcuterie|Soin du corps,Fruits et légumes|Fruits et légumes|Viandes|Hygiène et beauté,12,3,4,4,3,1,0,0,2,0,0,0,1,0,0,0,0
Tuesday 09/01/2018 15:21:07,Champignons|Tomates cerise|Persil,Légumes|Fruits|Herbes aromatiques,Fruits et légumes|Fruits et légumes|Fruits et légumes,15,2,3,3,1,0,0,0,3,0,0,0,0,0,0,0,0
Thursday 04/01/2018 16:59:08,Carottes|Avocat|Salade|Epinards|Bananes|Pomme|Haricots verts|Pommes de terre|Cordon bleu|Pâte brisée|Oeufs|Lardons fumés|Beurre|Yaourts|Bières|Jus de pomme|Jus de fruits|Moutarde|Chips|Gâteaux|Brioche|Tisane|Boîte de mouchoirs|Sopalin|Sucre en poudre,Légumes|Légumes|Légumes|Légumes|Fruits|Fruits|Légumes|Légumes|Traiteur|Pains|Laitages et oeufs|Charcuterie|Crèmerie|Crèmerie|Bières et vins|Jus de fruits et sodas|Jus de fruits et sodas|Assaisonnements et condiments|Apéritif|Gâteaux|Viennoiseries|Petit déjeuner|Soin du corps|Accessoires d'entretien|Pâtisserie,Fruits et légumes|Fruits et légumes|Fruits et légumes|Fruits et légumes|Fruits et légumes|Fruits et légumes|Fruits et légumes|Fruits et légumes|Épicerie salée|Épicerie salée|Produits laitiers|Viandes|Produits laitiers|Produits laitiers|Boissons|Boissons|Boissons|Épicerie salée|Épicerie salée|Épicerie sucrée|Épicerie sucrée|Épicerie sucrée|Hygiène et beauté|Produits d'entretien|Épicerie sucrée,16,4,25,17,8,1,3,0,8,1,4,0,1,3,0,4,0
Wednesday 03/01/2018 17:25:41,Escalope de dinde,Boucherie,Viandes,17,3,1,1,1,1,0,0,0,0,0,0,0,0,0,0,0
Saturday 30/12/2017 09:53:00,Carottes|Haricots verts|Champignons|Clémentine|Yaourts|Orange|Steak haché|Lard|Jus d'orange|Jus de pomme|Papier toilette|Pâtes alimentaires|Gâteaux|Brioche|Vinaigrette|Sauce tomate|Lessive en poudre|Produit lave-vaisselle|Éponge (grattoir) vaiselle,Légumes|Légumes|Légumes|Fruits|Crèmerie|Fruits|Boucherie|Charcuterie|Jus de fruits et sodas|Jus de fruits et sodas|Soin du corps|Pates et riz|Gâteaux|Viennoiseries|Assaisonnements et condiments|Assaisonnements et condiments|Lavage|Lavage|Cuisine,Fruits et légumes|Fruits et légumes|Fruits et légumes|Fruits et légumes|Produits laitiers|Fruits et légumes|Viandes|Viandes|Boissons|Boissons|Hygiène et beauté|Épicerie salée|Épicerie sucrée|Épicerie sucrée|Épicerie salée|Épicerie salée|Produits d'entretien|Produits d'entretien|Quincaillerie,9,6,19,13,9,2,1,0,5,2,3,0,1,2,0,2,1
Friday 29/12/2017 20:56:28,Produit vaisselle,Lavage,Produits d'entretien,20,5,1,1,1,0,0,0,0,1,0,0,0,0,0,0,0
Friday 22/12/2017 17:33:26,Lard|Fromage de chèvre|Vinaigre de cidre|Vinaigrette|Chips|Pistaches|Jus de fruits|Bières|Eau|Reblochon|Oignon|Salade,Charcuterie|Fromages|Assaisonnements et condiments|Assaisonnements et condiments|Apéritif|Apéritif|Jus de fruits et sodas|Bières et vins|Eau|Fromages|Bulbes|Légumes,Viandes|Produits laitiers|Épicerie salée|Épicerie salée|Épicerie salée|Épicerie salée|Boissons|Boissons|Boissons|Produits laitiers|Fruits et légumes|Fruits et légumes,17,5,12,9,5,1,2,0,2,0,4,0,0,3,0,0,0
Saturday 16/12/2017 11:21:16,Pain|Clémentine|Pommes de terre|Courge|Tomates cerise|Champignons|Epinards|Crêpes|Oeufs|Cordon bleu|Lard|Yaourts|Saucisses|Pain de mie|Lentilles|Brioche|Jus de pomme|Jus de fruits|Jus d'orange|Bières|Eau|Produit vaisselle|Vinaigre blanc|Papier toilette|Gâteaux|Boîte de mouchoirs|Tablette de chocolat au lait|Bonbons|Brosse à dents,Pains|Fruits|Légumes|Légumes|Fruits|Légumes|Légumes|Petit déjeuner|Laitages et oeufs|Traiteur|Charcuterie|Crèmerie|Charcuterie|Pains|Conserves salées|Viennoiseries|Jus de fruits et sodas|Jus de fruits et sodas|Jus de fruits et sodas|Bières et vins|Eau|Lavage|Assaisonnements et condiments|Soin du corps|Gâteaux|Soin du corps|Petit déjeuner|Confiserie|Soin du corps,Épicerie salée|Fruits et légumes|Fruits et légumes|Fruits et légumes|Fruits et légumes|Fruits et légumes|Fruits et légumes|Épicerie sucrée|Produits laitiers|Épicerie salée|Viandes|Produits laitiers|Viandes|Épicerie salée|Épicerie salée|Épicerie sucrée|Boissons|Boissons|Boissons|Boissons|Boissons|Produits d'entretien|Épicerie salée|Hygiène et beauté|Épicerie sucrée|Hygiène et beauté|Épicerie sucrée|Épicerie sucrée|Hygiène et beauté,11,6,29,18,8,2,2,0,6,1,5,0,3,5,0,5,0
Saturday 16/12/2017 08:40:12,Steak haché|Eau gazeuse|Saumon fumé,Boucherie|Eau|Produits préparés de la mer,Viandes|Boissons|Produits de la mer,8,6,3,3,3,1,0,1,0,0,0,0,0,1,0,0,0
Saturday 09/12/2017 16:23:15,Courge|Pomme|Saucisses|Jambon|Clémentine|Orange|Carottes|Epinards|Paté,Légumes|Fruits|Charcuterie|Charcuterie|Fruits|Fruits|Légumes|Légumes|Charcuterie,Fruits et légumes|Fruits et légumes|Viandes|Viandes|Fruits et légumes|Fruits et légumes|Fruits et légumes|Fruits et légumes|Viandes,16,6,9,3,2,3,0,0,6,0,0,0,0,0,0,0,0
Saturday 09/12/2017 11:07:51,Bananes|Tomates cerise|Champignons|Basilic|Reblochon|Noix|Galettes de blé noir|Fromage de chèvre|Fromage râpé|Beurre|Jus de pomme|Sirop de menthe|Eau|Gâteaux|Bières|Brioche|Sardine à l'huile|Sauce tomate|Chips|Yaourts|Châtaigne|Confiture,Fruits|Fruits|Légumes|Herbes aromatiques|Fromages|Fruits secs|Traiteur|Fromages|Fromages|Crèmerie|Jus de fruits et sodas|Jus de fruits et sodas|Eau|Gâteaux|Bières et vins|Viennoiseries|Conserves salées|Assaisonnements et condiments|Apéritif|Crèmerie|Fruits|Petit déjeuner,Fruits et légumes|Fruits et légumes|Fruits et légumes|Fruits et légumes|Produits laitiers|Fruits et légumes|Épicerie salée|Produits laitiers|Produits laitiers|Produits laitiers|Boissons|Boissons|Boissons|Épicerie sucrée|Boissons|Épicerie sucrée|Épicerie salée|Épicerie salée|Épicerie salée|Produits laitiers|Fruits et légumes|Épicerie sucrée,11,6,22,16,5,0,5,0,6,0,4,0,0,4,0,3,0
Wednesday 06/12/2017 09:27:57,Parmesan,Fromages,Produits laitiers,9,3,1,1,1,0,1,0,0,0,0,0,0,0,0,0,0
Saturday 02/12/2017 16:57:44,Eau|Cordon bleu|Jambon cru|Lard|Persil,Eau|Traiteur|Charcuterie|Charcuterie|Herbes aromatiques,Boissons|Épicerie salée|Viandes|Viandes|Fruits et légumes,16,6,5,4,4,2,0,0,1,0,1,0,0,1,0,0,0
Saturday 02/12/2017 11:43:51,Champignons|Courgette|Châtaigne|Galettes de blé noir|Yaourts|Jus de pomme|Bières|Beurre|Fromage croque monsieur|Pain de mie|Gâteaux|Miel|Boîte de mouchoirs|Papier toilette,Légumes|Légumes|Fruits|Traiteur|Crèmerie|Jus de fruits et sodas|Bières et vins|Crèmerie|Fromages|Pains|Gâteaux|Petit déjeuner|Soin du corps|Soin du corps,Fruits et légumes|Fruits et légumes|Fruits et légumes|Épicerie salée|Produits laitiers|Boissons|Boissons|Produits laitiers|Produits laitiers|Épicerie salée|Épicerie sucrée|Épicerie sucrée|Hygiène et beauté|Hygiène et beauté,11,6,14,11,6,0,3,0,3,0,2,0,2,2,0,2,0
Wednesday 29/11/2017 11:16:12,Escalope de dinde|Carottes|Champignons|Lard|Beurre|Brioche|Produit vaisselle|Eau,Boucherie|Légumes|Légumes|Charcuterie|Crèmerie|Viennoiseries|Lavage|Eau,Viandes|Fruits et légumes|Fruits et légumes|Viandes|Produits laitiers|Épicerie sucrée|Produits d'entretien|Boissons,11,3,8,7,6,2,1,0,2,1,0,0,0,1,0,1,0
Saturday 25/11/2017 19:05:26,Jus d'orange|Jus de pomme,Jus de fruits et sodas|Jus de fruits et sodas,Boissons|Boissons,19,6,2,1,1,0,0,0,0,0,0,0,0,2,0,0,0
Saturday 25/11/2017 17:35:25,Champignons|Fromage de chèvre|Oeufs|Epinards|Brioche|Yaourts|Crème fraîche|Pâte brisée,Légumes|Fromages|Laitages et oeufs|Légumes|Viennoiseries|Crèmerie|Crèmerie|Pains,Fruits et légumes|Produits laitiers|Produits laitiers|Fruits et légumes|Épicerie sucrée|Produits laitiers|Produits laitiers|Épicerie salée,17,6,8,6,4,0,4,0,2,0,1,0,0,0,0,1,0
Wednesday 22/11/2017 13:59:08,Savon liquide|Jambon|Andouille de Guéméné|Fromage râpé|Fromage de chèvre|Yaourts|Cordon bleu|Oignon|Bananes|Champignons|Oeufs|Beurre|Petits pois - carottes|Gâteaux|Céréales|Jus de pomme|Jus de fruits|Vin rouge|Eau|Bières,Soin du corps|Charcuterie|Charcuterie|Fromages|Fromages|Crèmerie|Traiteur|Bulbes|Fruits|Légumes|Laitages et oeufs|Crèmerie|Conserves salées|Gâteaux|Petit déjeuner|Jus de fruits et sodas|Jus de fruits et sodas|Bières et vins|Eau|Bières et vins,Hygiène et beauté|Viandes|Viandes|Produits laitiers|Produits laitiers|Produits laitiers|Épicerie salée|Fruits et légumes|Fruits et légumes|Fruits et légumes|Produits laitiers|Produits laitiers|Épicerie salée|Épicerie sucrée|Épicerie sucrée|Boissons|Boissons|Boissons|Boissons|Boissons,13,3,20,15,7,2,5,0,3,0,2,0,1,5,0,2,0
Saturday 18/11/2017 16:27:56,Steak haché|Lard|Saucisses|Parmesan,Boucherie|Charcuterie|Charcuterie|Fromages,Viandes|Viandes|Viandes|Produits laitiers,16,6,4,3,2,3,1,0,0,0,0,0,0,0,0,0,0
Saturday 18/11/2017 11:10:45,Poivron rouge|Tomates cerise|Pommes de terre|Fromage de chèvre|Yaourts|Fromage blanc|Pâte brisée|Crêpes|Thon|Pâtes alimentaires|Sucre en poudre|Sauce tomate,Légumes|Fruits|Légumes|Fromages|Crèmerie|Crèmerie|Pains|Petit déjeuner|Poissons|Pates et riz|Pâtisserie|Assaisonnements et condiments,Fruits et légumes|Fruits et légumes|Fruits et légumes|Produits laitiers|Produits laitiers|Produits laitiers|Épicerie salée|Épicerie sucrée|Produits de la mer|Épicerie salée|Épicerie sucrée|Épicerie salée,11,6,12,10,5,0,3,1,3,0,3,0,0,0,0,2,0
Wednesday 15/11/2017 11:20:44,Steak haché,Boucherie,Viandes,11,3,1,1,1,1,0,0,0,0,0,0,0,0,0,0,0
Tuesday 14/11/2017 21:34:01,Oeufs|Lard|Eau|Jus de pomme|Jus d'orange|Papier toilette|Crêpes au chocolat|Gâteaux|Brioche|Bâtonnets de poisson,Laitages et oeufs|Charcuterie|Eau|Jus de fruits et sodas|Jus de fruits et sodas|Soin du corps|Petit déjeuner|Gâteaux|Viennoiseries|Plats préparés surgelés,Produits laitiers|Viandes|Boissons|Boissons|Boissons|Hygiène et beauté|Épicerie sucrée|Épicerie sucrée|Épicerie sucrée|Produits surgelés,21,2,10,9,6,1,1,0,0,0,0,1,1,3,0,3,0
Monday 06/11/2017 09:46:14,Bananes|Potimarron|Champignons|Carottes|Tomates cerise|Escalope de dinde|Bières|Eau|Sirop de grenadine|Jus de pomme|Galettes de blé noir|Haricots rouges|Galettes fajitas|Sauce fajitas|Bouillon de volailles|Gâteaux|Brioche|Bassine,Fruits|Légumes|Légumes|Légumes|Fruits|Boucherie|Bières et vins|Eau|Jus de fruits et sodas|Jus de fruits et sodas|Traiteur|Conserves salées|Produits du monde|Assaisonnements et condiments|Assaisonnements et condiments|Gâteaux|Viennoiseries|Accessoires d'entretien,Fruits et légumes|Fruits et légumes|Fruits et légumes|Fruits et légumes|Fruits et légumes|Viandes|Boissons|Boissons|Boissons|Boissons|Épicerie salée|Épicerie salée|Épicerie salée|Épicerie salée|Épicerie salée|Épicerie sucrée|Épicerie sucrée|Produits d'entretien,9,1,18,13,6,1,0,0,5,1,5,0,0,4,0,2,0
Saturday 04/11/2017 11:30:23,Saucisses|Escalope viennoise|Steak haché,Charcuterie|Traiteur|Boucherie,Viandes|Épicerie salée|Viandes,11,6,3,3,2,2,0,0,0,0,1,0,0,0,0,0,0
Friday 03/11/2017 18:00:53,Adoucissant|Brioche|Pain de mie|Fromage de chèvre|Fromage râpé|Oeufs|Yaourts|Beurre|Jambon|Disques coton|Tomates cerise|Pommes de terre|Oignon|Confiture|Escalope viennoise|Sauce tomate|Jus d'orange|Jus de pomme|Bières|Eau,Lavage|Viennoiseries|Pains|Fromages|Fromages|Laitages et oeufs|Crèmerie|Crèmerie|Charcuterie|Soin du corps|Fruits|Légumes|Bulbes|Petit déjeuner|Traiteur|Assaisonnements et condiments|Jus de fruits et sodas|Jus de fruits et sodas|Bières et vins|Eau,Produits d'entretien|Épicerie sucrée|Épicerie salée|Produits laitiers|Produits laitiers|Produits laitiers|Produits laitiers|Produits laitiers|Viandes|Hygiène et beauté|Fruits et légumes|Fruits et légumes|Fruits et légumes|Épicerie sucrée|Épicerie salée|Épicerie salée|Boissons|Boissons|Boissons|Boissons,18,5,20,17,8,1,5,0,3,1,3,0,1,4,0,2,0
Saturday 28/10/2017 18:26:44,Saucisses|Bacon|Lard,Charcuterie|Charcuterie|Charcuterie,Viandes|Viandes|Viandes,18,6,3,1,1,3,0,0,0,0,0,0,0,0,0,0,0
Friday 27/10/2017 15:19:52,Bananes|Courgette|Carottes|Champignons|Reblochon|Jambon|Eau|Bières|Sirop de menthe|Jus de pomme|Jus d'orange|Gâteaux|Brioche|Tisane|Miel|Sucre en morceaux,Fruits|Légumes|Légumes|Légumes|Fromages|Charcuterie|Eau|Bières et vins|Jus de fruits et sodas|Jus de fruits et sodas|Jus de fruits et sodas|Gâteaux|Viennoiseries|Petit déjeuner|Petit déjeuner|Pâtisserie,Fruits et légumes|Fruits et légumes|Fruits et légumes|Fruits et légumes|Produits laitiers|Viandes|Boissons|Boissons|Boissons|Boissons|Boissons|Épicerie sucrée|Épicerie sucrée|Épicerie sucrée|Épicerie sucrée|Épicerie sucrée,15,5,16,11,5,1,1,0,4,0,0,0,0,5,0,5,0
Wednesday 25/10/2017 18:18:18,Pomme,Fruits,Fruits et légumes,18,3,1,1,1,0,0,0,1,0,0,0,0,0,0,0,0
Tuesday 24/10/2017 23:52:47,Lard,Charcuterie,Viandes,23,2,1,1,1,1,0,0,0,0,0,0,0,0,0,0,0
Tuesday 24/10/2017 11:58:48,Saucisses,Charcuterie,Viandes,11,2,1,1,1,1,0,0,0,0,0,0,0,0,0,0,0
Sunday 22/10/2017 10:15:43,Comté|Parmesan|Lard|Saucisses|Escalope viennoise,Fromages|Fromages|Charcuterie|Charcuterie|Traiteur,Produits laitiers|Produits laitiers|Viandes|Viandes|Épicerie salée,10,0,5,3,3,2,2,0,0,0,1,0,0,0,0,0,0
Saturday 21/10/2017 11:08:50,Pain|Bananes|Courgette|Cannelle|Quinoa|Yaourts|Bières|Jus de pomme|Gâteaux|Céréales|Lentilles|Papier aluminium|Boîte de mouchoirs,Pains|Fruits|Légumes|Épices|Pates et riz|Crèmerie|Bières et vins|Jus de fruits et sodas|Gâteaux|Petit déjeuner|Conserves salées|Cuisine|Soin du corps,Épicerie salée|Fruits et légumes|Fruits et légumes|Épicerie salée|Épicerie salée|Produits laitiers|Boissons|Boissons|Épicerie sucrée|Épicerie sucrée|Épicerie salée|Quincaillerie|Hygiène et beauté,11,6,13,13,7,0,1,0,2,0,4,0,1,2,0,2,1
Tuesday 17/10/2017 18:08:32,Steak haché|Fromage râpé|Lait|Fromage de chèvre|Yaourts nature|Pizza|Beurre|Gâteaux|Coton (vrac)|Galettes de blé noir|Jambon|Sauce fajitas|Galettes fajitas|Tomates cerise|Salade|Bananes|Haricots rouges|Jus de pomme|Jus d'orange|Bières|Eau,Boucherie|Fromages|Laitages et oeufs|Fromages|Crèmerie|Traiteur|Crèmerie|Gâteaux|Soin du corps|Traiteur|Charcuterie|Assaisonnements et condiments|Produits du monde|Fruits|Légumes|Fruits|Conserves salées|Jus de fruits et sodas|Jus de fruits et sodas|Bières et vins|Eau,Viandes|Produits laitiers|Produits laitiers|Produits laitiers|Produits laitiers|Épicerie salée|Produits laitiers|Épicerie sucrée|Hygiène et beauté|Épicerie salée|Viandes|Épicerie salée|Épicerie salée|Fruits et légumes|Fruits et légumes|Fruits et légumes|Épicerie salée|Boissons|Boissons|Boissons|Boissons,18,2,21,16,7,2,5,0,3,0,5,0,1,4,0,1,0
Friday 13/10/2017 17:22:38,Steak haché|Boeuf|Saucisses|Lard|Thym,Boucherie|Boucherie|Charcuterie|Charcuterie|Herbes aromatiques,Viandes|Viandes|Viandes|Viandes|Fruits et légumes,17,5,5,3,2,4,0,0,1,0,0,0,0,0,0,0,0
Friday 13/10/2017 16:06:04,Dentifrice|Dentifrice pour enfant|Yaourts|Bananes|Oignon|Oeufs|Beurre|Crème fraîche|Bouillon de volailles|Papier toilette|Lessive en poudre|Sopalin|Éponge (grattoir) vaiselle|Gâteaux|Brioche|Jus de pomme|Jus d'orange|Eau|Huile d'olive,Soin du corps|Soin du corps|Crèmerie|Fruits|Bulbes|Laitages et oeufs|Crèmerie|Crèmerie|Assaisonnements et condiments|Soin du corps|Lavage|Accessoires d'entretien|Cuisine|Gâteaux|Viennoiseries|Jus de fruits et sodas|Jus de fruits et sodas|Eau|Assaisonnements et condiments,Hygiène et beauté|Hygiène et beauté|Produits laitiers|Fruits et légumes|Fruits et légumes|Produits laitiers|Produits laitiers|Produits laitiers|Épicerie salée|Hygiène et beauté|Produits d'entretien|Produits d'entretien|Quincaillerie|Épicerie sucrée|Épicerie sucrée|Boissons|Boissons|Boissons|Épicerie salée,16,5,19,13,8,0,4,0,2,2,2,0,3,3,0,2,1
Tuesday 10/10/2017 13:00:01,Piles|Papier sulfurisé|Jus de fruits|Gâteaux|Café|Saucisses|Yaourts nature|Riz,Consommables|Cuisine|Jus de fruits et sodas|Gâteaux|Petit déjeuner|Charcuterie|Crèmerie|Pates et riz,Quincaillerie|Quincaillerie|Boissons|Épicerie sucrée|Épicerie sucrée|Viandes|Produits laitiers|Épicerie salée,13,2,8,8,6,1,1,0,0,0,1,0,0,1,0,2,2
Tuesday 03/10/2017 18:05:52,Pain|Pain de mie|Lait|Fromage râpé|Oeufs|Brosse à dents|Yaourts|Gnocchi|Crème fraîche|Farine|Café|Poivre|Gros sel|Thon en conserve|Ail|Concentré de tomates|Bières|Jus de pomme|Eau,Pains|Pains|Laitages et oeufs|Fromages|Laitages et oeufs|Soin du corps|Crèmerie|Traiteur|Crèmerie|Pâtisserie|Petit déjeuner|Assaisonnements et condiments|Assaisonnements et condiments|Conserves salées|Bulbes|Conserves salées|Bières et vins|Jus de fruits et sodas|Eau,Épicerie salée|Épicerie salée|Produits laitiers|Produits laitiers|Produits laitiers|Hygiène et beauté|Produits laitiers|Épicerie salée|Produits laitiers|Épicerie sucrée|Épicerie sucrée|Épicerie salée|Épicerie salée|Épicerie salée|Fruits et légumes|Épicerie salée|Boissons|Boissons|Boissons,18,2,19,14,6,0,5,0,1,0,7,0,1,3,0,2,0
Saturday 30/09/2017 10:43:38,Pomme|Raisin|Bananes|Epinards,Fruits|Fruits|Fruits|Légumes,Fruits et légumes|Fruits et légumes|Fruits et légumes|Fruits et légumes,10,6,4,2,1,0,0,0,4,0,0,0,0,0,0,0,0
Saturday 30/09/2017 10:02:42,Bonbons|Artichaut|Beurre|Fromage bleu|Jus de fruits,Confiserie|Légumes|Crèmerie|Fromages|Jus de fruits et sodas,Épicerie sucrée|Fruits et légumes|Produits laitiers|Produits laitiers|Boissons,10,6,5,5,4,0,2,0,1,0,0,0,0,1,0,1,0
Friday 29/09/2017 16:49:32,Croissants|Citron|Bananes|Tomates cerise|Brocoli|Saumon fumé|Pain|Pâte brisée|Oeufs|Beurre|Jus de pomme|Bières|Cacahuètes|Sardine à l'huile|Bonbons|Gâteaux|Brioche|Chips,Viennoiseries|Fruits|Fruits|Fruits|Légumes|Produits préparés de la mer|Pains|Pains|Laitages et oeufs|Crèmerie|Jus de fruits et sodas|Bières et vins|Fruits secs|Conserves salées|Confiserie|Gâteaux|Viennoiseries|Apéritif,Épicerie sucrée|Fruits et légumes|Fruits et légumes|Fruits et légumes|Fruits et légumes|Produits de la mer|Épicerie salée|Épicerie salée|Produits laitiers|Produits laitiers|Boissons|Boissons|Fruits et légumes|Épicerie salée|Épicerie sucrée|Épicerie sucrée|Épicerie sucrée|Épicerie salée,16,5,18,14,6,0,2,1,5,0,4,0,0,2,0,4,0
Monday 25/09/2017 18:10:53,Papier toilette|Brioche|Pain de mie|Steak haché|Escalope de dinde|Fromage râpé|Fromage de chèvre|Yaourts|Beurre|Crème fraîche|Galettes de blé noir|Jambon|Tablette de chocolat au lait|Infusion|Sauce tomate|Semoule|Vinaigrette|Concentré de tomates|Petits pois - carottes|Champignons|Carottes|Chips|Bières|Jus de pomme|Jus de fruits|Eau|Chewing gum,Soin du corps|Viennoiseries|Pains|Boucherie|Boucherie|Fromages|Fromages|Crèmerie|Crèmerie|Crèmerie|Traiteur|Charcuterie|Petit déjeuner|Petit déjeuner|Assaisonnements et condiments|Pates et riz|Assaisonnements et condiments|Conserves salées|Conserves salées|Légumes|Légumes|Apéritif|Bières et vins|Jus de fruits et sodas|Jus de fruits et sodas|Eau|Confiserie,Hygiène et beauté|Épicerie sucrée|Épicerie salée|Viandes|Viandes|Produits laitiers|Produits laitiers|Produits laitiers|Produits laitiers|Produits laitiers|Épicerie salée|Viandes|Épicerie sucrée|Épicerie sucrée|Épicerie salée|Épicerie salée|Épicerie salée|Épicerie salée|Épicerie salée|Fruits et légumes|Fruits et légumes|Épicerie salée|Boissons|Boissons|Boissons|Boissons|Épicerie sucrée,18,1,27,18,7,3,5,0,2,0,8,0,1,4,0,4,0
Saturday 23/09/2017 10:51:41,Escalope de dinde|Saucisses|Lard|Jambon cru|Poisson|Raisin|Bananes|Tomates cerise|Persil|Petits pois,Boucherie|Charcuterie|Charcuterie|Charcuterie|Poissons|Fruits|Fruits|Fruits|Herbes aromatiques|Légumes,Viandes|Viandes|Viandes|Viandes|Produits de la mer|Fruits et légumes|Fruits et légumes|Fruits et légumes|Fruits et légumes|Fruits et légumes,10,6,10,6,3,4,0,1,5,0,0,0,0,0,0,0,0
Tuesday 19/09/2017 18:13:48,Produit vaisselle|Produit lave-vaisselle|Papier toilette|Brioche|Pain de mie|Fromage râpé|Fromage de chèvre|Oeufs|Yaourts|Démaquillant|Galettes de blé noir|Jambon|Céréales|Fenouil|Pâtes alimentaires|Champignons|Pommes de terre|Brocoli|Jus d'orange|Jus de fruits|Jus de pomme|Bières|Eau,Lavage|Lavage|Soin du corps|Viennoiseries|Pains|Fromages|Fromages|Laitages et oeufs|Crèmerie|Soin du corps|Traiteur|Charcuterie|Petit déjeuner|Légumes|Pates et riz|Légumes|Légumes|Légumes|Jus de fruits et sodas|Jus de fruits et sodas|Jus de fruits et sodas|Bières et vins|Eau,Produits d'entretien|Produits d'entretien|Hygiène et beauté|Épicerie sucrée|Épicerie salée|Produits laitiers|Produits laitiers|Produits laitiers|Produits laitiers|Hygiène et beauté|Épicerie salée|Viandes|Épicerie sucrée|Fruits et légumes|Épicerie salée|Fruits et légumes|Fruits et légumes|Fruits et légumes|Boissons|Boissons|Boissons|Boissons|Boissons,18,2,23,15,8,1,4,0,4,2,3,0,2,5,0,2,0
Friday 15/09/2017 17:07:43,Avocat|Raisin|Bananes,Légumes|Fruits|Fruits,Fruits et légumes|Fruits et légumes|Fruits et légumes,17,5,3,2,1,0,0,0,3,0,0,0,0,0,0,0,0
Wednesday 13/09/2017 17:07:11,Cordon bleu|Jus de pomme|Brioche|Beurre,Traiteur|Jus de fruits et sodas|Viennoiseries|Crèmerie,Épicerie salée|Boissons|Épicerie sucrée|Produits laitiers,17,3,4,4,4,0,1,0,0,0,1,0,0,1,0,1,0
Saturday 09/09/2017 18:19:36,Bananes|Avocat|Oignon|Champignons|Epinards|Gnocchi|Jambon|Lardons fumés|Fromage bleu|Oeufs|Gâteaux|Thon en conserve|Eau|Bières|Fromage râpé|Jus de pomme|Jus d'orange|Maïs|Sauce tomate|Produit lave-vaisselle,Fruits|Légumes|Bulbes|Légumes|Légumes|Traiteur|Charcuterie|Charcuterie|Fromages|Laitages et oeufs|Gâteaux|Conserves salées|Eau|Bières et vins|Fromages|Jus de fruits et sodas|Jus de fruits et sodas|Légumes|Assaisonnements et condiments|Lavage,Fruits et légumes|Fruits et légumes|Fruits et légumes|Fruits et légumes|Fruits et légumes|Épicerie salée|Viandes|Viandes|Produits laitiers|Produits laitiers|Épicerie sucrée|Épicerie salée|Boissons|Boissons|Produits laitiers|Boissons|Boissons|Fruits et légumes|Épicerie salée|Produits d'entretien,18,6,20,14,7,2,3,0,6,1,3,0,0,4,0,1,0‹